-- phpMyAdmin SQL Dump
-- version 4.7.4
-- https://www.phpmyadmin.net/
--
-- Хост: 127.0.0.1
-- Время создания: Окт 15 2018 г., 15:05
-- Версия сервера: 10.1.30-MariaDB
-- Версия PHP: 5.6.33

SET SQL_MODE = "NO_AUTO_VALUE_ON_ZERO";
SET AUTOCOMMIT = 0;
START TRANSACTION;
SET time_zone = "+00:00";


/*!40101 SET @OLD_CHARACTER_SET_CLIENT=@@CHARACTER_SET_CLIENT */;
/*!40101 SET @OLD_CHARACTER_SET_RESULTS=@@CHARACTER_SET_RESULTS */;
/*!40101 SET @OLD_COLLATION_CONNECTION=@@COLLATION_CONNECTION */;
/*!40101 SET NAMES utf8mb4 */;

--
-- База данных: `yii2`
--

-- --------------------------------------------------------

--
-- Структура таблицы `auth_assignment`
--

CREATE TABLE `auth_assignment` (
  `item_name` varchar(64) COLLATE utf8_unicode_ci NOT NULL,
  `user_id` varchar(64) COLLATE utf8_unicode_ci NOT NULL,
  `created_at` int(11) DEFAULT NULL
) ENGINE=InnoDB DEFAULT CHARSET=utf8 COLLATE=utf8_unicode_ci;

--
-- Дамп данных таблицы `auth_assignment`
--

INSERT INTO `auth_assignment` (`item_name`, `user_id`, `created_at`) VALUES
('admin', '1', 1539548915),
('moderator', '2', 1539548915);

-- --------------------------------------------------------

--
-- Структура таблицы `auth_item`
--

CREATE TABLE `auth_item` (
  `name` varchar(64) COLLATE utf8_unicode_ci NOT NULL,
  `type` smallint(6) NOT NULL,
  `description` text COLLATE utf8_unicode_ci,
  `rule_name` varchar(64) COLLATE utf8_unicode_ci DEFAULT NULL,
  `data` blob,
  `created_at` int(11) DEFAULT NULL,
  `updated_at` int(11) DEFAULT NULL
) ENGINE=InnoDB DEFAULT CHARSET=utf8 COLLATE=utf8_unicode_ci;

--
-- Дамп данных таблицы `auth_item`
--

INSERT INTO `auth_item` (`name`, `type`, `description`, `rule_name`, `data`, `created_at`, `updated_at`) VALUES
('admin', 1, 'Administrator', NULL, NULL, 1539548646, 1539548646),
('createPost', 2, 'Access to create', NULL, NULL, 1539548699, 1539548699),
('deletePost', 2, 'Access to delete', NULL, NULL, 1539548699, 1539548699),
('moderator', 1, 'Moderator', NULL, NULL, 1539548646, 1539548646),
('updatePost', 2, 'Access to update', NULL, NULL, 1539548699, 1539548699);

-- --------------------------------------------------------

--
-- Структура таблицы `auth_item_child`
--

CREATE TABLE `auth_item_child` (
  `parent` varchar(64) COLLATE utf8_unicode_ci NOT NULL,
  `child` varchar(64) COLLATE utf8_unicode_ci NOT NULL
) ENGINE=InnoDB DEFAULT CHARSET=utf8 COLLATE=utf8_unicode_ci;

--
-- Дамп данных таблицы `auth_item_child`
--

INSERT INTO `auth_item_child` (`parent`, `child`) VALUES
('admin', 'createPost'),
('admin', 'deletePost'),
('admin', 'updatePost'),
('moderator', 'createPost'),
('moderator', 'updatePost');

-- --------------------------------------------------------

--
-- Структура таблицы `auth_rule`
--

CREATE TABLE `auth_rule` (
  `name` varchar(64) COLLATE utf8_unicode_ci NOT NULL,
  `data` blob,
  `created_at` int(11) DEFAULT NULL,
  `updated_at` int(11) DEFAULT NULL
) ENGINE=InnoDB DEFAULT CHARSET=utf8 COLLATE=utf8_unicode_ci;

--
-- Дамп данных таблицы `auth_rule`
--

INSERT INTO `auth_rule` (`name`, `data`, `created_at`, `updated_at`) VALUES
('isAuthor', 0x4f3a32333a22636f6d6d6f6e5c72756c65735c417574686f7252756c65223a333a7b733a343a226e616d65223b733a383a226973417574686f72223b733a393a22637265617465644174223b693a313533393535313233333b733a393a22757064617465644174223b693a313533393535313233333b7d, 1539551233, 1539551233);

-- --------------------------------------------------------

--
-- Структура таблицы `migration`
--

CREATE TABLE `migration` (
  `version` varchar(180) NOT NULL,
  `apply_time` int(11) DEFAULT NULL
) ENGINE=InnoDB DEFAULT CHARSET=utf8;

--
-- Дамп данных таблицы `migration`
--

INSERT INTO `migration` (`version`, `apply_time`) VALUES
('m000000_000000_base', 1539547643),
('m130524_201442_init', 1539547647),
('m140506_102106_rbac_init', 1539548010),
('m170907_052038_rbac_add_index_on_auth_assignment_user_id', 1539548010);

-- --------------------------------------------------------

--
-- Структура таблицы `post`
--

CREATE TABLE `post` (
  `id` int(11) NOT NULL,
  `number` varchar(50) NOT NULL,
  `invoice` date NOT NULL,
  `supply` date NOT NULL,
  `comment` text NOT NULL
) ENGINE=InnoDB DEFAULT CHARSET=utf8;

--
-- Дамп данных таблицы `post`
--

INSERT INTO `post` (`id`, `number`, `invoice`, `supply`, `comment`) VALUES
(3, 'SD5641654', '2016-12-23', '2018-01-17', 'this is awesome'),
(8, 'INV-0000001', '2018-10-19', '2018-10-16', 'astana'),
(9, 'SD5641654', '2011-07-14', '2017-11-29', 'Khabib was kind/ =)'),
(10, 'INX-0015', '2017-12-07', '2017-12-21', 'Conor was champ'),
(11, 'SD5641654', '2018-11-20', '2018-10-16', 'top team');

-- --------------------------------------------------------

--
-- Структура таблицы `user`
--

CREATE TABLE `user` (
  `id` int(11) NOT NULL,
  `username` varchar(255) COLLATE utf8_unicode_ci NOT NULL,
  `auth_key` varchar(32) COLLATE utf8_unicode_ci NOT NULL,
  `password_hash` varchar(255) COLLATE utf8_unicode_ci NOT NULL,
  `password_reset_token` varchar(255) COLLATE utf8_unicode_ci DEFAULT NULL,
  `email` varchar(255) COLLATE utf8_unicode_ci NOT NULL,
  `status` smallint(6) NOT NULL DEFAULT '10',
  `created_at` int(11) NOT NULL,
  `updated_at` int(11) NOT NULL
) ENGINE=InnoDB DEFAULT CHARSET=utf8 COLLATE=utf8_unicode_ci;

--
-- Дамп данных таблицы `user`
--

INSERT INTO `user` (`id`, `username`, `auth_key`, `password_hash`, `password_reset_token`, `email`, `status`, `created_at`, `updated_at`) VALUES
(1, 'admin', 'd-6SgFwXOnutKaTLdc-dqOyfYXBNpPXJ', '$2y$13$4fpIfLaNSQFBBCC6Zd85KeB1ZmA/ek3rbMIVJMYjfUJhMMVQgbyrC', NULL, 'admin@admin.com', 10, 1539548193, 1539548193),
(2, 'moderator', '8ERfwpim3VgvL41b2niXThOiJ8cces5h', '$2y$13$W3ux21U8NXma49WlFvht2.pgDcTL34EzMrRuIVSa1OTDqL8JG5992', NULL, 'mode@mode.com', 10, 1539548215, 1539548215);

--
-- Индексы сохранённых таблиц
--

--
-- Индексы таблицы `auth_assignment`
--
ALTER TABLE `auth_assignment`
  ADD PRIMARY KEY (`item_name`,`user_id`),
  ADD KEY `auth_assignment_user_id_idx` (`user_id`);

--
-- Индексы таблицы `auth_item`
--
ALTER TABLE `auth_item`
  ADD PRIMARY KEY (`name`),
  ADD KEY `rule_name` (`rule_name`),
  ADD KEY `idx-auth_item-type` (`type`);

--
-- Индексы таблицы `auth_item_child`
--
ALTER TABLE `auth_item_child`
  ADD PRIMARY KEY (`parent`,`child`),
  ADD KEY `child` (`child`);

--
-- Индексы таблицы `auth_rule`
--
ALTER TABLE `auth_rule`
  ADD PRIMARY KEY (`name`);

--
-- Индексы таблицы `migration`
--
ALTER TABLE `migration`
  ADD PRIMARY KEY (`version`);

--
-- Индексы таблицы `post`
--
ALTER TABLE `post`
  ADD PRIMARY KEY (`id`);

--
-- Индексы таблицы `user`
--
ALTER TABLE `user`
  ADD PRIMARY KEY (`id`),
  ADD UNIQUE KEY `username` (`username`),
  ADD UNIQUE KEY `email` (`email`),
  ADD UNIQUE KEY `password_reset_token` (`password_reset_token`);

--
-- AUTO_INCREMENT для сохранённых таблиц
--

--
-- AUTO_INCREMENT для таблицы `post`
--
ALTER TABLE `post`
  MODIFY `id` int(11) NOT NULL AUTO_INCREMENT, AUTO_INCREMENT=12;

--
-- AUTO_INCREMENT для таблицы `user`
--
ALTER TABLE `user`
  MODIFY `id` int(11) NOT NULL AUTO_INCREMENT, AUTO_INCREMENT=3;

--
-- Ограничения внешнего ключа сохраненных таблиц
--

--
-- Ограничения внешнего ключа таблицы `auth_assignment`
--
ALTER TABLE `auth_assignment`
  ADD CONSTRAINT `auth_assignment_ibfk_1` FOREIGN KEY (`item_name`) REFERENCES `auth_item` (`name`) ON DELETE CASCADE ON UPDATE CASCADE;

--
-- Ограничения внешнего ключа таблицы `auth_item`
--
ALTER TABLE `auth_item`
  ADD CONSTRAINT `auth_item_ibfk_1` FOREIGN KEY (`rule_name`) REFERENCES `auth_rule` (`name`) ON DELETE SET NULL ON UPDATE CASCADE;

--
-- Ограничения внешнего ключа таблицы `auth_item_child`
--
ALTER TABLE `auth_item_child`
  ADD CONSTRAINT `auth_item_child_ibfk_1` FOREIGN KEY (`parent`) REFERENCES `auth_item` (`name`) ON DELETE CASCADE ON UPDATE CASCADE,
  ADD CONSTRAINT `auth_item_child_ibfk_2` FOREIGN KEY (`child`) REFERENCES `auth_item` (`name`) ON DELETE CASCADE ON UPDATE CASCADE;
COMMIT;

/*!40101 SET CHARACTER_SET_CLIENT=@OLD_CHARACTER_SET_CLIENT */;
/*!40101 SET CHARACTER_SET_RESULTS=@OLD_CHARACTER_SET_RESULTS */;
/*!40101 SET COLLATION_CONNECTION=@OLD_COLLATION_CONNECTION */;
